what,mean,std
first channel,0.43877342002166553,0.21975871894472046
second channel,0.20594363912372493,0.14778862117920671
DEM channel,0.03255113922968425,0.00454465936184611